<?xml version="1.0" encoding="UTF-8"?>
<beans xmlns="http://www.springframework.org/schema/beans" xmlns:p="http://www.springframework.org/schema/p" xmlns:xsi="http://www.w3.org/2001/XMLSchema-instance" xmlns:context="http://www.springframework.org/schema/context" xmlns:mvc="http://www.springframework.org/schema/mvc" xsi:schemaLocation=" http://www.springframework.org/schema/beans http://www.springframework.org/schema/beans/spring-beans-3.2.xsd http://www.springframework.org/schema/context http://www.springframework.org/schema/context/spring-context-3.2.xsd http://www.springframework.org/schema/mvc http://www.springframework.org/schema/mvc/spring-mvc-3.2.xsd">

   <mvc:annotation-driven /> 
   <!-- 扫描controller（controller层注入） -->
   <context:component-scan base-package="com.klein.controller"/>
   <bean id="multipartResolver"
         class="org.springframework.web.multipart.commons.CommonsMultipartResolver">
      <!-- 设置上传文件的最大尺寸为5MB -->
      <property name="maxUploadSize">
         <value>5242880</value>
      </property>
   </bean>

   <!-- 对模型视图添加前后缀 -->
   <bean id="viewResolver" class="org.springframework.web.servlet.view.InternalResourceViewResolver" p:prefix="/WEB-INF/view/" p:suffix=".jsp"/>
</beans>