<?xml version="1.0" encoding="UTF-8"?>
<!DOCTYPE mapper PUBLIC "-//mybatis.org//DTD Mapper 3.0//EN"
        "http://mybatis.org/dtd/mybatis-3-mapper.dtd">
<mapper namespace="com.klein.dao.LikeDao">
    <!--设置domain类和数据库中表的字段一一对应，注意数据库字段和domain类中的字段名称不致，此处一定要！-->
    <resultMap id="BaseResultMap" type="com.klein.model.Like">
        <id column="likeId" property="likeId" jdbcType="INTEGER" />
        <id column="postId" property="postId" jdbcType="INTEGER" />
        <id column="userId" property="userId" jdbcType="INTEGER" />
        <id column="username" property="username" jdbcType="VARCHAR" />
    </resultMap>
    <!-- 查询单条记录 -->
    <select id="selectLikeById" parameterType="int" resultType="com.klein.model.Like">
        SELECT * FROM t_like WHERE likeId = #{likeId}
    </select>
    <select id="selectLikeByName" parameterType="String" resultType="com.klein.model.Like">
        SELECT * FROM t_like WHERE username = #{username}
    </select>
    <select id="selectLikeByPostId" parameterType="int" resultType="com.klein.model.Like">
        SELECT * FROM t_like WHERE postId = #{postId}
    </select>
    <select id="selectLikeByUserId" parameterType="int" resultType="com.klein.model.Like">
        SELECT * FROM t_like WHERE userId = #{userId}
    </select>
    <insert id="insertLike" parameterType="com.klein.model.Like" useGeneratedKeys="true" keyProperty="likeId" keyColumn="likeId">
        INSERT INTO t_like (username,postId,userId)
        VALUES   (#{username},#{postId},#{userId})
    </insert>

</mapper>